step,episodes,epsilon,mean_return,mean_loss,mean_episode_len,win_rate,stalled_rate,truncated_rate,mean_final_foundation
2000,4,0.9905,77.29774999999958,nan,452.5,0.0,0.25,0.75,6.5
4000,8,0.981,94.24999999999977,nan,500.0,0.0,0.0,1.0,10.25
6000,12,0.9715,88.24999999999892,0.46537119144225025,500.0,0.0,0.0,1.0,6.75
8000,16,0.962,85.02624999999928,0.47391637369990347,474.0,0.0,0.25,0.75,4.75
10000,20,0.9525,73.76624999999963,0.5288463018536568,484.0,0.0,0.25,0.75,4.5
12000,24,0.9430000000000001,68.24999999999963,0.5323762788772582,500.0,0.0,0.0,1.0,8.5
14000,28,0.9335,85.74999999999919,0.5416508255302906,500.0,0.0,0.0,1.0,9.25
16000,32,0.924,61.99999999999929,0.5339141066074371,500.0,0.0,0.0,1.0,8.25
18000,36,0.9145,68.25,0.5211628456711769,500.0,0.0,0.0,1.0,8.5
20000,41,0.905,71.79019999999925,0.5171554063260555,410.0,0.0,0.2,0.8,7.6
22000,45,0.8955,93.7499999999993,0.5077559923231602,500.0,0.0,0.0,1.0,5.5
24000,49,0.886,93.7942499999993,0.5056862060129642,456.25,0.0,0.5,0.5,10.75
26000,54,0.8765000000000001,90.11299999999889,0.5163995947241783,487.2,0.0,0.2,0.8,7.8
28000,58,0.867,80.25300000000011,0.528177589416504,497.25,0.0,0.25,0.75,5.75
30000,62,0.8575,62.34524999999992,0.5430939266085625,405.5,0.0,0.75,0.25,7.25
32000,67,0.848,73.34039999999906,0.5326965994238854,459.8,0.0,0.2,0.8,7.4
34000,71,0.8385,69.99999999999946,0.549393757879734,500.0,0.0,0.0,1.0,5.5
36000,75,0.829,76.77474999999986,0.540677432462573,475.5,0.0,0.25,0.75,11.25
38000,79,0.8195,96.24999999999896,0.5517522777616978,500.0,0.0,0.0,1.0,8.0
40000,83,0.81,93.30374999999898,0.5592182994782925,446.5,0.0,0.25,0.75,8.5
42000,87,0.8005,82.24999999999925,0.5596567982733249,500.0,0.0,0.0,1.0,8.0
44000,92,0.791,63.71459999999994,0.5556399910151959,485.6,0.0,0.2,0.8,7.6
46000,96,0.7815,82.0079999999997,0.5484026819467545,492.25,0.0,0.25,0.75,6.5
48000,100,0.772,95.99999999999906,0.5443417972475291,500.0,0.0,0.0,1.0,11.5
50000,104,0.7625,90.79924999999932,0.5546940217912197,451.0,0.0,0.25,0.75,12.0
52000,108,0.753,85.49999999999892,0.5577631296217441,500.0,0.0,0.0,1.0,11.75
54000,112,0.7435,71.999999999999,0.5541160945594311,500.0,0.0,0.0,1.0,9.75
56000,116,0.734,70.99999999999949,0.5433089951276779,500.0,0.0,0.0,1.0,9.5
58000,120,0.7245,76.30824999999966,0.5307933484315872,442.0,0.0,0.25,0.75,7.25
60000,124,0.7150000000000001,42.999999999999716,0.54090722194314,500.0,0.0,0.0,1.0,4.25
62000,129,0.7055,58.50539999999994,0.5228261696994305,494.8,0.0,0.2,0.8,6.4
64000,133,0.696,87.02624999999946,0.5252021986246109,474.0,0.0,0.25,0.75,16.5
66000,137,0.6865,92.7499999999998,0.5194870126247406,500.0,0.0,0.0,1.0,14.5
68000,142,0.677,61.38160000000035,0.5241098247170448,418.8,0.0,0.4,0.6,9.0
70000,146,0.6675,86.01899999999948,0.5167355970740318,481.25,0.0,0.25,0.75,9.25
72000,150,0.658,102.3002499999989,0.5164092665016651,450.25,0.0,0.5,0.5,16.5
74000,154,0.6485000000000001,79.003999999999,0.5154083800017834,496.25,0.0,0.25,0.75,10.75
76000,158,0.639,62.99999999999996,0.49537187737226485,500.0,0.0,0.0,1.0,7.0
78000,163,0.6295,74.95039999999986,0.4942232586294413,450.2,0.0,0.6,0.4,10.4
80000,167,0.62,104.74999999999875,0.4980439805239439,500.0,0.0,0.0,1.0,18.25
82000,171,0.6105,81.24999999999952,0.4996105241328478,500.0,0.0,0.0,1.0,9.25
84000,175,0.601,98.24999999999899,0.5146324751973153,500.0,0.0,0.0,1.0,11.5
86000,179,0.5915,75.49999999999996,0.506891794860363,500.0,0.0,0.0,1.0,7.25
88000,183,0.5820000000000001,66.50000000000006,0.49829135932028296,500.0,0.0,0.0,1.0,9.25
90000,187,0.5725,71.27499999999955,0.49244866812229154,475.25,0.0,0.25,0.75,7.5
92000,191,0.563,85.4999999999991,0.49117705765366554,500.0,0.0,0.0,1.0,12.5
94000,195,0.5535000000000001,76.26374999999969,0.4789599568247795,486.5,0.0,0.25,0.75,6.25
96000,199,0.544,88.49999999999966,0.4869087518155575,500.0,0.0,0.0,1.0,13.75
98000,203,0.5345,83.03824999999999,0.4774678144752979,462.0,0.0,0.25,0.75,10.75
100000,208,0.525,76.34119999999962,0.4721474594026804,459.0,0.0,0.2,0.8,8.8
102000,212,0.5155000000000001,69.49999999999969,0.47421974696218966,500.0,0.0,0.0,1.0,11.0
104000,216,0.506,69.2499999999998,0.4419577820003033,500.0,0.0,0.0,1.0,8.25
106000,220,0.49650000000000005,98.05799999999945,0.4345754622220993,442.25,0.0,0.25,0.75,9.75
108000,225,0.487,66.14279999999974,0.44173379498720167,457.4,0.0,0.2,0.8,9.2
110000,229,0.47750000000000004,87.49999999999878,0.4373121957555413,500.0,0.0,0.0,1.0,14.0
112000,233,0.46799999999999997,61.99999999999966,0.44205241836607456,500.0,0.0,0.0,1.0,7.75
114000,237,0.4585,86.61899999999952,0.43019768013060095,381.25,0.0,0.25,0.75,20.0
116000,243,0.44900000000000007,73.75499999999987,0.43051302805542946,412.1666666666667,0.0,0.5,0.5,11.666666666666666
118000,247,0.4395,90.01449999999879,0.4188503697216511,486.0,0.0,0.5,0.5,12.25
120000,251,0.43000000000000005,104.99999999999912,0.41804816979169845,500.0,0.0,0.0,1.0,17.0
122000,255,0.4205,61.50000000000013,0.41516482798755167,500.0,0.0,0.0,1.0,9.0
124000,259,0.41100000000000003,66.02599999999951,0.40828417147696017,474.25,0.0,0.25,0.75,11.75
126000,263,0.4015000000000001,47.000000000000384,0.401407963424921,500.0,0.0,0.0,1.0,7.5
128000,267,0.392,88.0367499999997,0.39771206822991373,463.75,0.0,0.5,0.5,16.25
130000,271,0.38250000000000006,102.74999999999974,0.3856118763387203,500.0,0.0,0.0,1.0,18.25
132000,277,0.373,68.78216666666623,0.3928355928212404,385.1666666666667,0.0,0.6666666666666666,0.3333333333333333,9.833333333333334
134000,281,0.36350000000000005,81.24999999999842,0.37797278293967246,500.0,0.0,0.0,1.0,7.5
136000,285,0.354,67.25525000000003,0.37450166845321653,495.0,0.0,0.25,0.75,9.75
138000,289,0.34450000000000003,99.56624999999889,0.3728531395494938,434.25,0.0,0.5,0.5,15.25
140000,294,0.3350000000000001,64.76219999999941,0.37398169593513014,438.2,0.0,0.4,0.6,8.8
142000,298,0.3255,88.83074999999974,0.35778613145649435,419.5,0.0,0.25,0.75,15.0
144000,302,0.31600000000000006,86.51949999999917,0.35126281924545766,480.75,0.0,0.25,0.75,6.75
146000,307,0.3065,101.93419999999944,0.35506525469571354,466.0,0.0,0.2,0.8,19.2
148000,311,0.29700000000000004,77.2499999999997,0.3466663539111614,500.0,0.0,0.0,1.0,9.5
150000,315,0.2875000000000001,74.26199999999963,0.343960279494524,488.25,0.0,0.25,0.75,13.25
152000,319,0.278,92.81749999999968,0.3406951727718115,433.0,0.25,0.5,0.25,19.25
154000,323,0.26850000000000007,87.99999999999915,0.3245294312387705,500.0,0.0,0.0,1.0,12.25
156000,329,0.259,46.939999999999564,0.3245387506633997,393.8333333333333,0.0,0.5,0.5,6.666666666666667
158000,333,0.24950000000000006,69.34324999999995,0.3297351665198803,407.25,0.0,0.5,0.5,8.0
160000,338,0.24,94.13639999999958,0.32051695362478494,463.8,0.0,0.2,0.8,13.2
162000,342,0.23050000000000004,44.50749999999989,0.3247438812851906,492.75,0.0,0.25,0.75,7.0
164000,347,0.22100000000000009,71.0074000000001,0.32138212902843954,393.0,0.0,0.4,0.6,9.6
166000,351,0.21150000000000002,66.01449999999991,0.31046533983945845,486.0,0.0,0.5,0.5,13.5
168000,355,0.20200000000000007,77.29624999999943,0.31473880414664746,454.0,0.0,0.25,0.75,15.5
170000,360,0.1925,45.56099999999985,0.30349565236270426,439.4,0.0,0.4,0.6,4.8
172000,365,0.18300000000000005,51.74620000000031,0.2990417516678572,454.4,0.0,0.6,0.4,6.2
174000,370,0.1735,63.20199999999986,0.2999199815988541,398.4,0.0,0.4,0.6,8.0
176000,374,0.16400000000000003,88.3382499999993,0.299984999332577,412.25,0.0,0.5,0.5,14.75
178000,380,0.15450000000000008,80.29683333333244,0.29848576298356055,370.3333333333333,0.0,0.5,0.5,10.333333333333334
180000,385,0.14500000000000002,62.384999999999806,0.2944556101858616,415.6,0.0,0.6,0.4,7.4
182000,389,0.13550000000000006,38.77600000000028,0.2862720825970173,474.25,0.0,0.25,0.75,6.25
184000,395,0.126,43.67749999999983,0.2778156883791089,323.1666666666667,0.0,0.6666666666666666,0.3333333333333333,6.166666666666667
186000,399,0.11650000000000005,67.00000000000013,0.28323363295197485,500.0,0.0,0.0,1.0,7.5
188000,404,0.1070000000000001,59.43120000000007,0.27357456932961943,369.2,0.0,0.4,0.6,8.4
190000,408,0.09750000000000003,58.50000000000031,0.2826134994626045,500.0,0.0,0.0,1.0,10.0
192000,413,0.08800000000000008,43.5771999999997,0.2711805220320821,423.0,0.0,0.2,0.8,7.8
194000,417,0.07850000000000001,37.55850000000024,0.2717069176658988,441.75,0.0,0.25,0.75,4.75
196000,422,0.06900000000000006,60.95619999999916,0.2631330317258835,444.0,0.0,0.2,0.8,7.2
198000,427,0.0595,47.622399999999836,0.26283158174157145,378.0,0.0,0.4,0.6,7.4
200000,431,0.050000000000000044,34.250000000000185,0.25730878742039204,500.0,0.0,0.0,1.0,2.25
202000,436,0.050000000000000044,52.725200000000385,0.2571167156249285,475.0,0.0,0.2,0.8,3.6
204000,440,0.050000000000000044,67.24999999999953,0.25032066121697427,500.0,0.0,0.0,1.0,8.25
206000,444,0.050000000000000044,40.04450000000052,0.24765118756517768,455.75,0.0,0.25,0.75,4.0
208000,448,0.050000000000000044,49.500000000000284,0.2516337319910526,500.0,0.0,0.0,1.0,4.0
210000,452,0.050000000000000044,107.49999999999861,0.24251481559872629,500.0,0.0,0.0,1.0,17.5
212000,457,0.050000000000000044,52.1828000000002,0.24708455887436867,417.6,0.0,0.4,0.6,5.6
214000,462,0.050000000000000044,68.20480000000035,0.24360559667274356,395.8,0.0,0.6,0.4,7.4
216000,466,0.050000000000000044,57.99999999999975,0.234272866897285,500.0,0.0,0.0,1.0,8.25
218000,470,0.050000000000000044,39.33850000000052,0.23027152055501937,411.75,0.0,0.25,0.75,5.5
220000,475,0.050000000000000044,32.717800000000395,0.2307215586975217,482.4,0.0,0.2,0.8,4.4
222000,479,0.050000000000000044,43.069750000000056,0.22245039887726306,430.5,0.0,0.25,0.75,5.0
224000,484,0.050000000000000044,43.20940000000005,0.23197290628403425,391.0,0.0,0.4,0.6,5.8
226000,488,0.050000000000000044,48.26200000000013,0.23268231799453498,488.25,0.0,0.25,0.75,7.0
228000,493,0.050000000000000044,51.748800000000415,0.2281919307112694,451.4,0.0,0.2,0.8,5.8
230000,497,0.050000000000000044,69.04074999999979,0.22569511903077363,459.5,0.0,0.25,0.75,7.75
232000,501,0.050000000000000044,57.77799999999948,0.22555394119024277,472.5,0.0,0.5,0.5,6.75
234000,505,0.050000000000000044,60.25000000000015,0.22449140228331088,500.0,0.0,0.0,1.0,7.25
236000,510,0.050000000000000044,36.54000000000017,0.2171189936771989,460.2,0.0,0.2,0.8,3.8
238000,514,0.050000000000000044,34.250000000000185,0.21330605341494083,500.0,0.0,0.0,1.0,2.75
240000,519,0.050000000000000044,51.98999999999976,0.21094147012382747,410.2,0.0,0.2,0.8,5.2
242000,524,0.050000000000000044,63.21039999999924,0.21852193012088536,390.0,0.0,0.4,0.6,6.8
244000,530,0.050000000000000044,64.32016666666622,0.20425761426985264,347.0,0.0,0.5,0.5,7.666666666666667
246000,534,0.050000000000000044,39.250000000000895,0.20261708475649357,500.0,0.0,0.0,1.0,3.75
248000,539,0.050000000000000044,39.78760000000051,0.20339616122469306,412.6,0.0,0.2,0.8,6.0
250000,543,0.050000000000000044,39.00000000000007,0.19600095602311193,500.0,0.0,0.0,1.0,1.5
252000,547,0.050000000000000044,49.24999999999997,0.19518887373432517,500.0,0.0,0.0,1.0,5.0
254000,552,0.050000000000000044,45.80579999999982,0.1954936097934842,394.6,0.0,0.4,0.6,6.4
256000,556,0.050000000000000044,66.35100000000025,0.19243311055004597,399.5,0.0,0.5,0.5,7.25
258000,560,0.050000000000000044,80.99999999999946,0.18894488105922938,500.0,0.0,0.0,1.0,10.25
260000,564,0.050000000000000044,57.25449999999938,0.18500511644780634,495.75,0.0,0.25,0.75,9.75
262000,569,0.050000000000000044,58.770999999999944,0.18106113267689944,429.4,0.0,0.4,0.6,6.8
264000,576,0.050000000000000044,27.399428571428334,0.18776375199109316,315.42857142857144,0.0,0.5714285714285714,0.42857142857142855,4.714285714285714
266000,580,0.050000000000000044,51.74999999999943,0.18306115840747952,500.0,0.0,0.0,1.0,6.0
268000,585,0.050000000000000044,56.7882000000004,0.1870042090266943,412.0,0.0,0.2,0.8,5.8
270000,591,0.050000000000000044,38.514166666666505,0.18126073156669736,319.6666666666667,0.0,0.5,0.5,5.833333333333333
272000,595,0.050000000000000044,67.0,0.18500103352963923,500.0,0.0,0.0,1.0,7.0
274000,599,0.050000000000000044,67.07824999999957,0.181254017598927,422.0,0.0,0.25,0.75,6.75
276000,603,0.050000000000000044,36.00000000000044,0.17126347556337715,500.0,0.0,0.0,1.0,3.0
278000,608,0.050000000000000044,69.19599999999939,0.16886293303221464,404.4,0.0,0.4,0.6,9.2
280000,615,0.050000000000000044,45.38085714285661,0.16279976228997112,333.85714285714283,0.0,0.42857142857142855,0.5714285714285714,8.0
282000,619,0.050000000000000044,23.356750000000325,0.17413632061332465,393.5,0.0,0.25,0.75,3.25
284000,624,0.050000000000000044,45.38260000000004,0.17243717965483665,417.6,0.0,0.2,0.8,4.2
286000,628,0.050000000000000044,44.25000000000031,0.17361736243218184,500.0,0.0,0.0,1.0,4.25
288000,633,0.050000000000000044,62.58740000000008,0.16527397310361266,412.8,0.0,0.2,0.8,8.2
290000,638,0.050000000000000044,42.42040000000027,0.16589316095411777,380.0,0.0,0.4,0.6,6.4
292000,642,0.050000000000000044,48.75000000000023,0.16474706659838556,500.0,0.0,0.0,1.0,3.0
294000,646,0.050000000000000044,36.000000000000455,0.16221835356578232,500.0,0.0,0.0,1.0,2.75
296000,650,0.050000000000000044,44.000000000000675,0.16158756367862226,500.0,0.0,0.0,1.0,5.5
298000,655,0.050000000000000044,51.77059999999989,0.1635517389215529,429.8,0.0,0.4,0.6,6.2
300000,659,0.050000000000000044,43.750000000000924,0.1605199830532074,500.0,0.0,0.0,1.0,5.75
302000,664,0.050000000000000044,31.77000000000038,0.16168327301740645,430.2,0.0,0.2,0.8,4.0
304000,668,0.050000000000000044,104.99999999999855,0.15684900307655333,500.0,0.0,0.0,1.0,14.75
306000,673,0.050000000000000044,47.06259999999972,0.16377762772142887,337.8,0.0,0.4,0.6,6.8
308000,678,0.050000000000000044,62.39599999999943,0.16402361366897822,404.4,0.0,0.4,0.6,8.2
310000,683,0.050000000000000044,50.59060000000054,0.15950821732729673,409.6,0.0,0.2,0.8,5.0
312000,688,0.050000000000000044,76.19159999999985,0.16007645292952657,408.8,0.0,0.4,0.6,7.8
314000,692,0.050000000000000044,62.99999999999943,0.15498541719466447,500.0,0.0,0.0,1.0,7.0
316000,699,0.050000000000000044,52.11228571428504,0.15209597603790462,316.85714285714283,0.0,0.5714285714285714,0.42857142857142855,5.0
318000,703,0.050000000000000044,73.75000000000013,0.15400932954996824,500.0,0.0,0.0,1.0,9.75
320000,707,0.050000000000000044,34.50000000000023,0.1536622827760875,500.0,0.0,0.0,1.0,3.0
322000,712,0.050000000000000044,66.5869999999994,0.15267617378383874,413.2,0.0,0.2,0.8,7.0
324000,716,0.050000000000000044,50.002250000000004,0.15823970660194756,498.0,0.0,0.25,0.75,5.0
326000,722,0.050000000000000044,30.660333333333565,0.15825201774016023,340.1666666666667,0.0,0.5,0.5,4.5
328000,728,0.050000000000000044,41.51466666666649,0.1489683314412832,319.3333333333333,0.0,0.6666666666666666,0.3333333333333333,4.833333333333333
330000,733,0.050000000000000044,38.18820000000016,0.14958563233911992,412.0,0.0,0.2,0.8,3.4
332000,740,0.050000000000000044,41.76300000000005,0.15356489007733762,237.71428571428572,0.0,0.7142857142857143,0.2857142857142857,4.142857142857143
334000,746,0.050000000000000044,43.99999999999958,0.14330613477528095,333.8333333333333,0.0,0.5,0.5,3.8333333333333335
336000,753,0.050000000000000044,38.39857142857105,0.1595270168967545,316.14285714285717,0.0,0.42857142857142855,0.5714285714285714,4.142857142857143
338000,759,0.050000000000000044,52.64750000000009,0.15589995002374052,353.0,0.0,0.5,0.5,5.666666666666667
340000,763,0.050000000000000044,65.0637499999994,0.15530599010549487,436.75,0.0,0.5,0.5,9.25
342000,767,0.050000000000000044,52.24999999999935,0.15602184738963842,500.0,0.0,0.0,1.0,4.5
344000,772,0.050000000000000044,89.96299999999869,0.1572470563556999,437.4,0.0,0.4,0.6,9.0
346000,776,0.050000000000000044,56.99999999999959,0.1537441168949008,500.0,0.0,0.0,1.0,5.75
348000,780,0.050000000000000044,40.750000000000405,0.15143980264663695,500.0,0.0,0.0,1.0,4.5
350000,785,0.050000000000000044,72.62879999999966,0.1504259010180831,371.8,0.0,0.6,0.4,7.2
352000,789,0.050000000000000044,70.51100000000017,0.14924275704845785,489.25,0.0,0.25,0.75,13.0
354000,794,0.050000000000000044,20.790600000000016,0.1460307383313775,409.8,0.0,0.4,0.6,3.6
356000,798,0.050000000000000044,46.757000000000744,0.14426578042656182,493.25,0.0,0.25,0.75,4.25
358000,803,0.050000000000000044,55.982199999999956,0.14058297653123736,418.2,0.0,0.4,0.6,7.2
360000,809,0.050000000000000044,56.97516666666636,0.14045331056416036,358.8333333333333,0.0,0.6666666666666666,0.3333333333333333,6.333333333333333
362000,813,0.050000000000000044,67.35925000000033,0.13973733029142021,391.0,0.0,0.25,0.75,7.5
364000,818,0.050000000000000044,71.5781999999994,0.14231986909732222,422.0,0.0,0.2,0.8,8.4
366000,822,0.050000000000000044,69.25,0.13231984918564557,500.0,0.0,0.0,1.0,7.0
368000,828,0.050000000000000044,37.44983333333366,0.13365268566459418,384.1666666666667,0.0,0.6666666666666666,0.3333333333333333,4.166666666666667
370000,834,0.050000000000000044,46.83033333333331,0.13777732312306762,336.8333333333333,0.0,0.5,0.5,4.5
372000,839,0.050000000000000044,37.408999999999786,0.13434041529148816,391.6,0.0,0.6,0.4,5.6
374000,844,0.050000000000000044,54.04820000000018,0.13435993474256247,352.4,0.0,0.6,0.4,10.2
376000,850,0.050000000000000044,52.67866666666665,0.13437082176655532,322.0,0.0,0.6666666666666666,0.3333333333333333,5.166666666666667
378000,857,0.050000000000000044,54.09714285714274,0.1337402044981718,332.0,0.0,0.5714285714285714,0.42857142857142855,6.857142857142857
380000,861,0.050000000000000044,55.7499999999997,0.13624347387626767,500.0,0.0,0.0,1.0,3.75
382000,865,0.050000000000000044,56.000000000000874,0.13041382877249272,500.0,0.0,0.0,1.0,5.75
384000,869,0.050000000000000044,32.24999999999995,0.13245652304030955,500.0,0.0,0.0,1.0,3.75
386000,874,0.050000000000000044,43.60359999999999,0.13047841545194389,396.8,0.0,0.4,0.6,4.4
388000,878,0.050000000000000044,49.10249999999926,0.13084327751211822,397.75,0.0,0.25,0.75,5.5
390000,884,0.050000000000000044,62.00283333333291,0.12621052392199636,331.0,0.0,0.5,0.5,5.666666666666667
392000,889,0.050000000000000044,66.55539999999962,0.12575828364491462,444.8,0.0,0.2,0.8,5.4
394000,895,0.050000000000000044,44.79566666666664,0.12543468343093991,371.3333333333333,0.0,0.3333333333333333,0.6666666666666666,2.8333333333333335
396000,901,0.050000000000000044,41.89850000000049,0.12637056167423724,268.8333333333333,0.0,0.6666666666666666,0.3333333333333333,5.833333333333333
398000,907,0.050000000000000044,35.324999999999626,0.12628982837498187,342.1666666666667,0.0,0.5,0.5,4.666666666666667
400000,912,0.050000000000000044,47.16359999999992,0.1293099364824593,436.6,0.0,0.2,0.8,3.6
402000,916,0.050000000000000044,59.57200000000016,0.12595625698752702,428.25,0.0,0.25,0.75,3.5
404000,921,0.050000000000000044,69.78159999999951,0.12935230154823513,418.6,0.0,0.2,0.8,6.2
406000,926,0.050000000000000044,35.588800000000035,0.12370267635770142,411.6,0.0,0.4,0.6,3.4
408000,932,0.050000000000000044,57.292666666667145,0.11794511153921484,374.5,0.0,0.5,0.5,6.333333333333333
410000,936,0.050000000000000044,65.7499999999995,0.11895632934570312,500.0,0.0,0.0,1.0,5.75
412000,941,0.050000000000000044,46.01100000000001,0.12438182830251754,389.4,0.0,0.4,0.6,5.6
414000,945,0.050000000000000044,56.83774999999923,0.11966035375744104,412.5,0.0,0.25,0.75,7.0
416000,951,0.050000000000000044,64.28866666666602,0.12202908727899194,378.5,0.0,0.5,0.5,7.833333333333333
418000,956,0.050000000000000044,37.15779999999982,0.11497265326231718,442.4,0.0,0.2,0.8,5.6
420000,961,0.050000000000000044,50.05500000000019,0.11621496802754701,345.4,0.0,0.4,0.6,5.6
422000,967,0.050000000000000044,52.47766666666676,0.11439903409499676,356.1666666666667,0.0,0.5,0.5,4.833333333333333
424000,972,0.050000000000000044,54.26419999999971,0.11314932874031365,336.4,0.0,0.6,0.4,6.4
426000,979,0.050000000000000044,68.37828571428494,0.11127669065445661,336.57142857142856,0.0,0.5714285714285714,0.42857142857142855,9.428571428571429
428000,983,0.050000000000000044,51.750000000000355,0.10386999504454433,500.0,0.0,0.0,1.0,5.5
430000,987,0.050000000000000044,39.25000000000031,0.10884359190054238,500.0,0.0,0.0,1.0,5.0
432000,992,0.050000000000000044,56.38239999999998,0.11134560300968588,417.8,0.0,0.2,0.8,5.0
434000,997,0.050000000000000044,47.47420000000021,0.1102145677190274,326.2,0.0,0.4,0.6,5.0
436000,1002,0.050000000000000044,45.34139999999972,0.1061907653734088,458.8,0.0,0.2,0.8,3.4
438000,1009,0.050000000000000044,32.29042857142876,0.10377145982161164,281.7142857142857,0.0,0.7142857142857143,0.2857142857142857,4.0
440000,1013,0.050000000000000044,37.25675000000028,0.10187020570784808,493.5,0.0,0.25,0.75,5.0
442000,1020,0.050000000000000044,50.84557142857097,0.10035058514773845,297.85714285714283,0.0,0.5714285714285714,0.42857142857142855,6.857142857142857
444000,1024,0.050000000000000044,50.82950000000037,0.09791805217042565,420.75,0.0,0.25,0.75,6.25
446000,1029,0.050000000000000044,41.58780000000009,0.09803235369175672,412.4,0.0,0.2,0.8,4.8
448000,1034,0.050000000000000044,54.023599999999476,0.09497078122198582,376.8,0.0,0.4,0.6,4.6
450000,1041,0.050000000000000044,31.983142857143132,0.09875862421281635,303.14285714285717,0.0,0.5714285714285714,0.42857142857142855,4.714285714285714
452000,1046,0.050000000000000044,42.606800000000355,0.09381724670156837,393.6,0.0,0.4,0.6,3.6
454000,1050,0.050000000000000044,31.99999999999948,0.09433116028551013,500.0,0.0,0.0,1.0,6.0
456000,1057,0.050000000000000044,52.42657142857137,0.09036694928351789,288.2857142857143,0.0,0.5714285714285714,0.42857142857142855,6.285714285714286
458000,1061,0.050000000000000044,53.03074999999964,0.09545269573386758,469.5,0.0,0.25,0.75,6.5
460000,1065,0.050000000000000044,58.752499999999856,0.09677324082329869,497.75,0.0,0.25,0.75,6.5
462000,1071,0.050000000000000044,51.632166666666144,0.09324782712105661,368.3333333333333,0.0,0.5,0.5,6.5
464000,1076,0.050000000000000044,68.97259999999963,0.08800906714051962,427.8,0.0,0.4,0.6,9.2
466000,1080,0.050000000000000044,49.75000000000048,0.08476556096784771,500.0,0.0,0.0,1.0,4.75
468000,1084,0.050000000000000044,61.016250000000426,0.08557911744900047,484.0,0.0,0.25,0.75,9.75
470000,1088,0.050000000000000044,71.57474999999972,0.08140816130675375,425.5,0.0,0.25,0.75,9.5
472000,1094,0.050000000000000044,32.77883333333347,0.08459931405168027,388.1666666666667,0.0,0.3333333333333333,0.6666666666666666,3.3333333333333335
474000,1098,0.050000000000000044,58.05949999999967,0.08262683053221553,440.75,0.0,0.25,0.75,7.5
476000,1103,0.050000000000000044,56.34879999999995,0.08190185528434812,451.4,0.0,0.2,0.8,8.0
478000,1108,0.050000000000000044,76.99099999999929,0.07707616322860121,409.4,0.0,0.4,0.6,10.6
480000,1113,0.050000000000000044,47.38759999999921,0.07998155768495054,412.6,0.0,0.2,0.8,3.2
482000,1118,0.050000000000000044,54.65719999999972,0.0800546330846846,343.4,0.0,0.6,0.4,6.4
484000,1123,0.050000000000000044,62.568600000000274,0.07851682758051902,431.8,0.0,0.4,0.6,7.6
486000,1129,0.050000000000000044,53.98866666666637,0.08019128084089606,345.3333333333333,0.0,0.6666666666666666,0.3333333333333333,6.333333333333333
488000,1133,0.050000000000000044,86.28374999999922,0.07944602058082818,466.5,0.0,0.25,0.75,11.5
490000,1137,0.050000000000000044,38.55374999999978,0.07682681734394282,446.5,0.0,0.25,0.75,4.25
492000,1143,0.050000000000000044,60.14233333333277,0.07564904604852199,358.3333333333333,0.0,0.6666666666666666,0.3333333333333333,4.833333333333333
494000,1148,0.050000000000000044,54.84580000000021,0.07910299327597022,354.6,0.0,0.4,0.6,6.0
496000,1154,0.050000000000000044,72.63999999999942,0.07336312914360314,360.5,0.0,0.5,0.5,8.0
498000,1160,0.050000000000000044,65.79316666666641,0.0737438987530768,374.0,0.0,0.5,0.5,8.166666666666666
500000,1164,0.050000000000000044,44.279000000000096,0.07562438986822963,471.25,0.0,0.25,0.75,4.75
