step,eff_dim__embedding.weight,drift__embedding.weight,eff_dim__net.0.weight,drift__net.0.weight,eff_dim__net.2.weight,drift__net.2.weight,eff_dim__net.4.weight,drift__net.4.weight
10000,11.83,0.0256,4.11,0.9845,92.4,0.279,213.65,0.1837
20000,11.83,0.0361,1.61,2.0312,14.84,0.5869,39.86,0.4168
30000,11.86,0.0628,1.64,2.413,7.83,0.7918,35.33,0.4351
40000,11.89,0.0829,1.65,2.7228,5.27,0.9364,32.58,0.4484
50000,11.91,0.0978,1.58,2.9534,4.1,1.0349,29.53,0.4643
60000,11.92,0.108,1.55,3.1324,3.48,1.1194,27.17,0.4784
70000,11.93,0.1137,1.54,3.2433,3.19,1.174,25.79,0.4873
80000,11.93,0.1169,1.54,3.2905,3.07,1.2001,25.06,0.4922
90000,11.94,0.1196,1.54,3.3188,3.0,1.218,24.66,0.4953
100000,11.93,0.1223,1.55,3.341,2.95,1.2312,24.33,0.4981
110000,11.93,0.1257,1.56,3.3699,2.89,1.2473,23.96,0.5013
120000,11.93,0.1293,1.57,3.4069,2.82,1.2676,23.52,0.5049
130000,11.94,0.133,1.57,3.4451,2.75,1.2903,23.04,0.5091
140000,11.94,0.1366,1.58,3.4827,2.67,1.3142,22.52,0.5136
150000,11.94,0.1402,1.59,3.5196,2.6,1.3383,22.01,0.5182
160000,11.94,0.1438,1.59,3.5495,2.54,1.3598,21.63,0.5219
170000,11.94,0.1474,1.6,3.5778,2.49,1.3815,21.18,0.5263
180000,11.94,0.151,1.61,3.6087,2.43,1.4053,20.75,0.5306
190000,11.95,0.1547,1.62,3.6409,2.37,1.4322,20.29,0.5354
200000,11.95,0.1582,1.63,3.6652,2.33,1.4565,19.88,0.5399
210000,11.95,0.1617,1.64,3.6936,2.27,1.485,19.55,0.5437
220000,11.96,0.1649,1.65,3.719,2.22,1.5122,19.21,0.5477
230000,11.96,0.1681,1.66,3.7432,2.18,1.5403,18.85,0.5518
240000,11.97,0.1711,1.67,3.7671,2.13,1.5701,18.54,0.5557
250000,11.97,0.1736,1.68,3.7922,2.09,1.5999,18.21,0.5598
260000,11.98,0.1757,1.7,3.8125,2.05,1.6288,17.89,0.5639
270000,11.98,0.1777,1.72,3.8289,2.02,1.6577,17.6,0.5677
280000,11.98,0.1795,1.74,3.8464,1.98,1.6887,17.31,0.5715
290000,11.98,0.1812,1.76,3.8622,1.95,1.7194,17.0,0.5756
300000,11.99,0.1828,1.78,3.8744,1.92,1.7491,16.74,0.5791
310000,11.99,0.1844,1.8,3.8907,1.89,1.78,16.45,0.5831
320000,11.99,0.1862,1.82,3.9059,1.87,1.8098,16.15,0.5873
330000,12.0,0.1879,1.84,3.9167,1.85,1.8338,15.89,0.5912
340000,12.0,0.1899,1.86,3.9264,1.83,1.8553,15.7,0.5942
350000,12.0,0.1918,1.88,3.9397,1.81,1.8806,15.47,0.5978
360000,12.0,0.1938,1.89,3.9548,1.79,1.9074,15.22,0.6016
370000,12.0,0.1959,1.91,3.976,1.77,1.9402,14.87,0.6069
380000,12.0,0.198,1.93,3.9958,1.75,1.9728,14.57,0.6117
390000,12.0,0.2001,1.95,4.0142,1.73,2.0075,14.26,0.6168
400000,12.01,0.2021,1.97,4.0341,1.7,2.046,13.93,0.6224
