step,eff_dim__embedding.weight,drift__embedding.weight,eff_dim__net.0.weight,drift__net.0.weight,eff_dim__net.3.weight,drift__net.3.weight,eff_dim__net.6.weight,drift__net.6.weight
10000,11.87,0.0022,467.22,0.0831,256.34,0.0408,274.55,0.0684
20000,11.88,0.0138,465.29,0.1812,255.69,0.107,231.02,0.1725
30000,11.9,0.0222,456.93,0.2513,253.76,0.1548,121.01,0.2843
40000,11.92,0.0286,447.72,0.3031,247.83,0.2026,56.33,0.3889
50000,11.94,0.0341,438.18,0.3464,232.48,0.2532,30.33,0.4837
60000,11.96,0.039,430.0,0.384,201.37,0.3073,18.94,0.5705
70000,11.97,0.0436,422.44,0.4175,161.57,0.3599,13.22,0.65
80000,11.98,0.0478,415.61,0.4473,125.24,0.4083,10.0,0.7232
90000,11.99,0.0518,409.42,0.4745,97.74,0.4514,8.07,0.7888
100000,12.0,0.0556,404.34,0.4991,78.33,0.4896,6.82,0.8474
110000,12.01,0.0593,399.0,0.5229,65.51,0.5225,5.97,0.9002
120000,12.02,0.0629,394.17,0.5451,56.28,0.5507,5.36,0.9468
130000,12.03,0.0664,388.89,0.5663,48.8,0.5766,4.91,0.9892
140000,12.04,0.0697,383.87,0.5868,43.43,0.5989,4.57,1.027
150000,12.04,0.073,378.93,0.6063,39.11,0.619,4.31,1.0612
160000,12.05,0.0762,374.22,0.625,36.61,0.6351,4.09,1.0917
170000,12.06,0.0792,369.77,0.643,34.11,0.6506,3.93,1.1189
180000,12.06,0.0822,365.69,0.66,32.0,0.6645,3.79,1.1442
190000,12.07,0.085,361.91,0.6767,30.82,0.6756,3.67,1.1667
200000,12.08,0.0878,358.58,0.6932,29.21,0.6873,3.57,1.1875
210000,12.08,0.0905,354.91,0.7091,28.21,0.6971,3.51,1.2038
220000,12.09,0.0932,351.08,0.7252,27.71,0.7054,3.46,1.2161
230000,12.1,0.0958,347.79,0.7406,27.33,0.7129,3.44,1.2254
240000,12.1,0.0984,344.64,0.7558,26.95,0.7204,3.42,1.2331
250000,12.11,0.1009,341.64,0.7704,26.92,0.7268,3.4,1.2405
260000,12.11,0.1033,338.77,0.7846,26.87,0.7339,3.39,1.2469
270000,12.12,0.1056,335.97,0.7984,26.8,0.7411,3.38,1.2527
280000,12.13,0.1079,332.96,0.8122,26.71,0.7481,3.37,1.258
290000,12.13,0.1101,330.5,0.826,26.54,0.7555,3.37,1.263
300000,12.14,0.1124,327.41,0.8405,26.34,0.7628,3.36,1.2679
310000,12.14,0.1145,325.28,0.854,26.04,0.7701,3.35,1.2727
320000,12.15,0.1167,322.78,0.8681,25.79,0.7773,3.35,1.277
330000,12.15,0.1189,320.55,0.8813,25.54,0.7841,3.34,1.2813
340000,12.16,0.1209,318.12,0.8941,25.25,0.791,3.34,1.2852
350000,12.17,0.123,315.69,0.9075,24.95,0.7977,3.34,1.2888
360000,12.17,0.125,313.42,0.9201,24.61,0.8044,3.34,1.2917
370000,12.18,0.1271,311.96,0.9322,24.29,0.811,3.33,1.295
380000,12.18,0.1291,309.97,0.9449,24.04,0.8169,3.33,1.2977
390000,12.18,0.131,307.08,0.9576,23.77,0.823,3.33,1.3009
400000,12.19,0.1331,304.53,0.9705,23.52,0.8291,3.33,1.3038
