step,episodes,epsilon,mean_return,mean_loss,mean_episode_len,win_rate,stalled_rate,truncated_rate,mean_final_foundation,lifetime_wins
1000,1,0.99525,1660.0000000000089,nan,1000.0,0.0,0.0,1.0,3.0,0
2000,2,0.9905,440.000000000009,nan,1000.0,0.0,0.0,1.0,1.0,0
3000,3,0.98575,1530.000000000009,nan,1000.0,0.0,0.0,1.0,9.0,0
4000,4,0.981,1750.0000000000089,nan,1000.0,0.0,0.0,1.0,15.0,0
5000,5,0.97625,1700.0000000000089,7.134040832519531,1000.0,0.0,0.0,1.0,9.0,0
6000,6,0.9715,1800.0000000000089,6.430092331886292,1000.0,0.0,0.0,1.0,19.0,0
7000,7,0.96675,229.46000000000032,6.1288941383361815,55.0,0.0,1.0,0.0,2.0,0
8000,8,0.962,1210.0000000000089,5.753131077766419,1000.0,0.0,0.0,1.0,5.0,0
9000,9,0.95725,1670.0000000000084,5.340047414779663,1000.0,0.0,0.0,1.0,11.0,0
10000,10,0.9525,1330.000000000009,5.4715623245239255,1000.0,0.0,0.0,1.0,10.0,0
11000,11,0.94775,1750.0000000000089,5.515201429367066,1000.0,0.0,0.0,1.0,7.0,0
12000,12,0.9430000000000001,1300.000000000009,5.276183530330658,1000.0,0.0,0.0,1.0,9.0,0
13000,13,0.93825,1510.0000000000089,5.332036356925965,1000.0,0.0,0.0,1.0,18.0,0
14000,14,0.9335,1900.000000000009,5.30104041481018,1000.0,0.0,0.0,1.0,33.0,0
15000,15,0.92875,1390.0000000000089,5.022078842639923,1000.0,0.0,0.0,1.0,5.0,0
16000,16,0.924,1890.000000000009,4.877135815620423,1000.0,0.0,0.0,1.0,36.0,0
17000,17,0.91925,240.000000000009,4.936064178466797,1000.0,0.0,0.0,1.0,1.0,0
18000,18,0.9145,810.0000000000081,4.9021776366233825,1000.0,0.0,0.0,1.0,2.0,0
19000,19,0.9097500000000001,1820.000000000009,4.710634664535522,1000.0,0.0,0.0,1.0,30.0,0
20000,20,0.905,340.00000000000904,4.702007390499115,1000.0,0.0,0.0,1.0,3.0,0
21000,21,0.90025,790.0000000000091,4.435202326774597,1000.0,0.0,0.0,1.0,5.0,0
22000,22,0.8955,680.000000000009,4.374736689567566,1000.0,0.0,0.0,1.0,9.0,0
23000,23,0.89075,2030.000000000009,4.692267192363739,1000.0,0.0,0.0,1.0,48.0,0
24000,24,0.886,2040.0000000000089,4.6193208417892455,1000.0,0.0,0.0,1.0,47.0,0
25000,25,0.88125,900.000000000009,4.419021200656891,1000.0,0.0,0.0,1.0,8.0,0
26000,26,0.8765000000000001,870.0000000000088,4.483215883731842,1000.0,0.0,0.0,1.0,14.0,0
27000,27,0.87175,1990.000000000009,4.259264419078827,1000.0,0.0,0.0,1.0,44.0,0
28000,28,0.867,460.0000000000091,4.143394774436951,1000.0,0.0,0.0,1.0,3.0,0
29000,29,0.86225,360.00000000000875,4.249829689979554,1000.0,0.0,0.0,1.0,9.0,0
30000,30,0.8575,1420.0000000000089,4.008349436759949,1000.0,0.0,0.0,1.0,19.0,0
31000,31,0.85275,470.0000000000067,3.9392065057754517,1000.0,0.0,0.0,1.0,1.0,0
32000,32,0.848,680.000000000009,3.800021185874939,1000.0,0.0,0.0,1.0,1.0,0
33000,33,0.84325,590.000000000009,3.817887686252594,1000.0,0.0,0.0,1.0,1.0,0
34000,34,0.8385,320.00000000000864,3.765784556388855,1000.0,0.0,0.0,1.0,4.0,0
35000,36,0.83375,4281.375000000007,3.8066225180625914,862.5,0.5,0.0,0.5,34.0,1
36000,37,0.829,2040.000000000009,5.388456987380981,1000.0,0.0,0.0,1.0,40.0,1
37000,38,0.82425,1130.000000000009,5.674604580402375,1000.0,0.0,0.0,1.0,7.0,1
38000,39,0.8195,1890.000000000009,5.613310516834259,1000.0,0.0,0.0,1.0,30.0,1
39000,40,0.81475,740.0000000000088,5.4501826605796815,1000.0,0.0,0.0,1.0,3.0,1
40000,41,0.81,950.0000000000091,5.275666162490845,1000.0,0.0,0.0,1.0,16.0,1
41000,42,0.80525,330.0000000000087,5.531505469799042,1000.0,0.0,0.0,1.0,3.0,1
42000,43,0.8005,1820.0000000000089,5.525608638763428,1000.0,0.0,0.0,1.0,12.0,1
43000,44,0.79575,480.0000000000087,5.241895994186401,1000.0,0.0,0.0,1.0,6.0,1
44000,45,0.791,1690.0000000000089,5.412290261268616,1000.0,0.0,0.0,1.0,30.0,1
45000,46,0.78625,380.0000000000091,5.156993125915528,1000.0,0.0,0.0,1.0,1.0,1
46000,47,0.7815,660.0000000000091,5.335893131256103,1000.0,0.0,0.0,1.0,10.0,1
47000,48,0.77675,780.000000000009,5.319718528270721,1000.0,0.0,0.0,1.0,8.0,1
48000,49,0.772,180.0000000000087,5.153077387809754,1000.0,0.0,0.0,1.0,4.0,1
49000,50,0.76725,1290.000000000009,5.100670471668243,1000.0,0.0,0.0,1.0,10.0,1
50000,51,0.7625,1160.0000000000089,4.96975219488144,1000.0,0.0,0.0,1.0,12.0,1
51000,52,0.75775,2020.0000000000089,4.957068665027618,1000.0,0.0,0.0,1.0,42.0,1
52000,53,0.753,2030.0000000000084,4.719584526062012,1000.0,0.0,0.0,1.0,47.0,1
53000,54,0.7482500000000001,980.0000000000091,4.974218121528626,1000.0,0.0,0.0,1.0,10.0,1
54000,55,0.7435,2020.0000000000089,4.8954757542610166,1000.0,0.0,0.0,1.0,44.0,1
55000,56,0.73875,490.00000000000864,4.5616933817863465,1000.0,0.0,0.0,1.0,10.0,1
56000,57,0.734,490.00000000000904,4.718435176610947,1000.0,0.0,0.0,1.0,4.0,1
57000,58,0.72925,1150.0000000000089,4.377674372196197,1000.0,0.0,0.0,1.0,12.0,1
58000,59,0.7245,700.000000000009,4.335871928215027,1000.0,0.0,0.0,1.0,7.0,1
59000,60,0.71975,950.0000000000091,4.455867975711823,1000.0,0.0,0.0,1.0,7.0,1
60000,61,0.7150000000000001,860.0000000000091,4.504154263496399,1000.0,0.0,0.0,1.0,7.0,1
61000,62,0.71025,1600.0000000000089,4.433645462036133,1000.0,0.0,0.0,1.0,27.0,1
62000,63,0.7055,480.00000000000864,4.378718512058258,1000.0,0.0,0.0,1.0,4.0,1
63000,64,0.70075,680.0000000000091,4.397404248714447,1000.0,0.0,0.0,1.0,7.0,1
64000,65,0.696,7044.310000000005,4.720933260440827,569.0,1.0,0.0,0.0,52.0,2
65000,66,0.69125,1100.0000000000084,5.032757258892059,1000.0,0.0,0.0,1.0,5.0,2
66000,67,0.6865,1270.000000000009,4.999485150814056,1000.0,0.0,0.0,1.0,17.0,2
67000,68,0.6817500000000001,430.00000000000904,4.67671706533432,1000.0,0.0,0.0,1.0,3.0,2
68000,69,0.677,690.000000000009,5.112152260780334,1000.0,0.0,0.0,1.0,5.0,2
69000,71,0.67225,7043.800000000006,5.404096733570099,620.0,1.0,0.0,0.0,52.0,4
70000,73,0.6675,7045.470000000004,6.555208696842193,453.0,1.0,0.0,0.0,52.0,6
71000,74,0.66275,1040.000000000008,7.508637541770935,1000.0,0.0,0.0,1.0,9.0,6
72000,75,0.658,870.000000000009,7.0880730323791505,1000.0,0.0,0.0,1.0,5.0,6
73000,76,0.65325,900.000000000009,6.862685464859009,1000.0,0.0,0.0,1.0,10.0,6
74000,78,0.6485000000000001,7043.600000000006,7.3927350482940675,640.0,1.0,0.0,0.0,52.0,8
75000,79,0.64375,1450.0000000000084,7.835935460567474,1000.0,0.0,0.0,1.0,22.0,8
76000,82,0.639,7046.333333333336,8.162899435997009,366.6666666666667,1.0,0.0,0.0,52.0,11
77000,84,0.63425,7046.060000000003,9.374337958335877,394.0,1.0,0.0,0.0,52.0,13
78000,85,0.6295,7044.520000000005,10.410596450805665,548.0,1.0,0.0,0.0,52.0,14
79000,86,0.62475,700.0000000000088,10.283919345855713,1000.0,0.0,0.0,1.0,13.0,14
80000,88,0.62,3883.1400000000062,9.922924145698547,686.0,0.5,0.0,0.5,30.0,15
81000,90,0.6152500000000001,7043.950000000004,10.250861631393432,605.0,1.0,0.0,0.0,52.0,17
82000,91,0.6105,1620.0000000000084,10.904937313079834,1000.0,0.0,0.0,1.0,30.0,17
83000,93,0.60575,7044.755000000005,11.016403495788575,524.5,1.0,0.0,0.0,52.0,19
84000,94,0.601,1060.0000000000089,11.50314669418335,1000.0,0.0,0.0,1.0,8.0,19
85000,95,0.59625,7046.520000000003,11.38098762702942,348.0,1.0,0.0,0.0,52.0,20
86000,98,0.5915,5037.703333333338,11.19939042377472,563.0,0.6666666666666666,0.0,0.3333333333333333,37.333333333333336,22
87000,99,0.58675,1080.000000000009,12.13136319923401,1000.0,0.0,0.0,1.0,17.0,22
88000,100,0.5820000000000001,7043.810000000005,11.552160304069519,619.0,1.0,0.0,0.0,52.0,23
89000,101,0.57725,1340.000000000009,11.130992953300476,1000.0,0.0,0.0,1.0,13.0,23
90000,102,0.5725,550.0000000000091,11.542596549987794,1000.0,0.0,0.0,1.0,5.0,23
91000,103,0.56775,1050.0000000000089,11.780950952529908,1000.0,0.0,0.0,1.0,16.0,23
92000,105,0.563,7043.715000000006,10.94872586631775,628.5,1.0,0.0,0.0,52.0,25
93000,106,0.55825,1550.0000000000089,11.76852991104126,1000.0,0.0,0.0,1.0,32.0,25
94000,107,0.5535000000000001,310.00000000000904,10.986182747840882,1000.0,0.0,0.0,1.0,5.0,25
95000,108,0.5487500000000001,150.00000000000887,10.992264357566834,1000.0,0.0,0.0,1.0,4.0,25
96000,109,0.544,270.0000000000089,11.00619713306427,1000.0,0.0,0.0,1.0,4.0,25
97000,110,0.53925,800.0000000000091,10.653456672668456,1000.0,0.0,0.0,1.0,14.0,25
98000,111,0.5345,7045.900000000003,10.60877776813507,410.0,1.0,0.0,0.0,52.0,26
99000,113,0.5297499999999999,4122.7550000000065,10.530362782478333,724.5,0.5,0.0,0.5,33.5,27
100000,114,0.525,950.0000000000091,10.529543172836304,1000.0,0.0,0.0,1.0,3.0,27
101000,115,0.5202500000000001,1070.0000000000089,10.644092679977417,1000.0,0.0,0.0,1.0,13.0,27
102000,116,0.5155000000000001,450.0000000000085,10.789939470291138,1000.0,0.0,0.0,1.0,2.0,27
103000,117,0.51075,1030.0000000000089,9.83778704738617,1000.0,0.0,0.0,1.0,15.0,27
104000,118,0.506,7042.730000000006,10.645636981964111,727.0,1.0,0.0,0.0,52.0,28
105000,120,0.50125,3703.0150000000062,10.4563768491745,698.5,0.5,0.0,0.5,27.5,29
106000,121,0.49650000000000005,1110.000000000009,10.92843279647827,1000.0,0.0,0.0,1.0,19.0,29
107000,122,0.49175,7042.250000000007,10.508750108242035,775.0,1.0,0.0,0.0,52.0,30
108000,123,0.487,7041.380000000007,11.386782711029053,862.0,1.0,0.0,0.0,52.0,31
109000,124,0.48224999999999996,980.000000000009,10.765856700897217,1000.0,0.0,0.0,1.0,4.0,31
110000,125,0.47750000000000004,260.000000000009,10.62872373008728,1000.0,0.0,0.0,1.0,3.0,31
111000,127,0.47275,4102.440000000007,10.499098711967468,756.0,0.5,0.0,0.5,30.0,32
112000,128,0.46799999999999997,380.00000000000887,11.029821920394898,1000.0,0.0,0.0,1.0,10.0,32
113000,129,0.46325000000000005,1220.0000000000075,10.589725984573365,1000.0,0.0,0.0,1.0,15.0,32
114000,130,0.4585,7041.310000000008,10.654700115203857,869.0,1.0,0.0,0.0,52.0,33
115000,131,0.4537500000000001,1450.000000000009,10.76588060951233,1000.0,0.0,0.0,1.0,9.0,33
116000,132,0.44900000000000007,7046.380000000003,11.082367770195008,362.0,1.0,0.0,0.0,52.0,34
117000,134,0.44425000000000003,4111.630000000007,10.441824422836303,837.0,0.5,0.0,0.5,28.0,35
118000,135,0.4395,610.0000000000089,10.598237467765808,1000.0,0.0,0.0,1.0,2.0,35
119000,136,0.4347500000000001,850.0000000000091,10.683645220756532,1000.0,0.0,0.0,1.0,14.0,35
120000,137,0.43000000000000005,7046.070000000003,10.647364092826843,393.0,1.0,0.0,0.0,52.0,36
121000,138,0.42525,1410.0000000000089,10.455587082862854,1000.0,0.0,0.0,1.0,24.0,36
122000,139,0.4205,640.000000000009,10.417258821487426,1000.0,0.0,0.0,1.0,2.0,36
123000,140,0.41575000000000006,370.00000000000904,10.808493315696717,1000.0,0.0,0.0,1.0,2.0,36
124000,141,0.41100000000000003,910.0000000000091,10.707363613128662,1000.0,0.0,0.0,1.0,8.0,36
125000,142,0.40625,2020.000000000009,10.448219316482543,1000.0,0.0,0.0,1.0,49.0,36
126000,143,0.4015000000000001,590.0000000000091,10.129126019477845,1000.0,0.0,0.0,1.0,4.0,36
127000,144,0.39675000000000005,710.0000000000091,9.909022337913513,1000.0,0.0,0.0,1.0,4.0,36
128000,146,0.392,3918.190000000006,10.249500261306762,681.0,0.5,0.0,0.5,28.0,37
129000,147,0.38725,920.000000000009,10.426705595970153,1000.0,0.0,0.0,1.0,8.0,37
130000,149,0.38250000000000006,7043.360000000006,9.897651927471161,664.0,1.0,0.0,0.0,52.0,39
131000,150,0.37775000000000003,820.0000000000091,10.435381694793701,1000.0,0.0,0.0,1.0,9.0,39
132000,151,0.373,1070.0000000000086,10.081121764183045,1000.0,0.0,0.0,1.0,16.0,39
133000,152,0.36824999999999997,7044.720000000005,10.43812699317932,528.0,1.0,0.0,0.0,52.0,40
134000,153,0.36350000000000005,470.0000000000091,10.054162009239196,1000.0,0.0,0.0,1.0,7.0,40
135000,154,0.35875,1500.000000000009,10.090428603649139,1000.0,0.0,0.0,1.0,12.0,40
136000,155,0.354,900.000000000009,9.95341491317749,1000.0,0.0,0.0,1.0,2.0,40
137000,156,0.34924999999999995,230.0000000000078,9.622454225540162,1000.0,0.0,0.0,1.0,5.0,40
138000,157,0.34450000000000003,250.00000000000887,10.095554540634156,1000.0,0.0,0.0,1.0,4.0,40
139000,158,0.3397500000000001,7041.970000000007,9.310372835159301,803.0,1.0,0.0,0.0,52.0,41
140000,160,0.3350000000000001,3602.2250000000063,9.532177496910096,777.5,0.5,0.0,0.5,29.5,42
141000,161,0.33025000000000004,1650.0000000000086,8.9962017288208,1000.0,0.0,0.0,1.0,23.0,42
142000,163,0.3255,7043.835000000005,9.839447481155396,616.5,1.0,0.0,0.0,52.0,44
143000,164,0.3207500000000001,7045.190000000004,9.702552419662476,481.0,1.0,0.0,0.0,52.0,45
144000,165,0.31600000000000006,7042.240000000007,9.520339025497437,776.0,1.0,0.0,0.0,52.0,46
145000,167,0.31125,4262.970000000007,9.639325128555297,703.0,0.5,0.0,0.5,38.0,47
146000,169,0.3065,7044.250000000005,10.071007288932801,575.0,1.0,0.0,0.0,52.0,49
147000,170,0.3017500000000001,1120.0000000000082,9.888821928501129,1000.0,0.0,0.0,1.0,19.0,49
148000,171,0.29700000000000004,960.000000000009,9.770482045173646,1000.0,0.0,0.0,1.0,9.0,49
149000,172,0.29225,440.00000000000904,10.002901144981385,1000.0,0.0,0.0,1.0,6.0,49
150000,174,0.2875000000000001,3609.5200000000045,10.358749301433564,548.5,0.5,0.5,0.0,26.0,50
151000,175,0.28275000000000006,7041.960000000006,9.273577880859374,804.0,1.0,0.0,0.0,52.0,51
152000,176,0.278,1300.0000000000089,9.873126022815704,1000.0,0.0,0.0,1.0,18.0,51
153000,177,0.27325,620.0000000000086,10.12459968662262,1000.0,0.0,0.0,1.0,3.0,51
154000,178,0.26850000000000007,380.0000000000081,9.357677190303802,1000.0,0.0,0.0,1.0,1.0,51
155000,179,0.26375000000000004,520.0000000000091,9.581879473686218,1000.0,0.0,0.0,1.0,4.0,51
156000,180,0.259,1060.0000000000089,9.04261085987091,1000.0,0.0,0.0,1.0,10.0,51
157000,181,0.25425,7042.610000000006,9.289407667160035,739.0,1.0,0.0,0.0,52.0,52
158000,182,0.24950000000000006,7042.120000000006,9.51325220966339,788.0,1.0,0.0,0.0,52.0,53
159000,183,0.24475000000000002,810.0000000000055,9.348896132469177,1000.0,0.0,0.0,1.0,7.0,53
160000,184,0.24,780.0000000000091,9.187381234169006,1000.0,0.0,0.0,1.0,11.0,53
161000,185,0.23524999999999996,710.0000000000089,9.310120603084565,1000.0,0.0,0.0,1.0,3.0,53
162000,187,0.23050000000000004,3921.245000000007,9.370553307533264,875.5,0.5,0.0,0.5,30.0,54
163000,188,0.22575000000000012,740.000000000008,8.835336932182312,1000.0,0.0,0.0,1.0,10.0,54
164000,189,0.22100000000000009,7044.110000000005,8.809431309700011,589.0,1.0,0.0,0.0,52.0,55
165000,190,0.21625000000000005,1940.000000000009,8.908096243858337,1000.0,0.0,0.0,1.0,42.0,55
166000,191,0.21150000000000002,1670.0000000000089,8.696317776203156,1000.0,0.0,0.0,1.0,30.0,55
167000,192,0.2067500000000001,830.0000000000091,8.957053718566895,1000.0,0.0,0.0,1.0,9.0,55
168000,193,0.20200000000000007,1200.000000000009,8.539183433532715,1000.0,0.0,0.0,1.0,17.0,55
169000,194,0.19725000000000004,1160.0000000000089,8.81430646800995,1000.0,0.0,0.0,1.0,23.0,55
170000,195,0.1925,1120.000000000009,8.323052298069,1000.0,0.0,0.0,1.0,13.0,55
171000,196,0.18775000000000008,7040.620000000008,8.207629855155945,938.0,1.0,0.0,0.0,52.0,56
172000,197,0.18300000000000005,1800.000000000009,8.268203991889953,1000.0,0.0,0.0,1.0,28.0,56
173000,198,0.17825000000000002,410.0000000000091,8.26139715194702,1000.0,0.0,0.0,1.0,8.0,56
174000,199,0.1735,960.000000000009,7.99707802772522,1000.0,0.0,0.0,1.0,5.0,56
175000,200,0.16875000000000007,790.000000000009,8.08019722175598,1000.0,0.0,0.0,1.0,7.0,56
176000,202,0.16400000000000003,7044.910000000004,7.462566844940185,509.0,1.0,0.0,0.0,52.0,58
177000,203,0.15925,7045.000000000004,7.304787232398986,500.0,1.0,0.0,0.0,52.0,59
178000,204,0.15450000000000008,1650.0000000000086,7.288562649965287,1000.0,0.0,0.0,1.0,24.0,59
179000,205,0.14975000000000005,1310.0000000000086,7.105034387588501,1000.0,0.0,0.0,1.0,18.0,59
180000,206,0.14500000000000002,1340.0000000000089,7.127638643980026,1000.0,0.0,0.0,1.0,11.0,59
181000,207,0.14024999999999999,810.0000000000088,7.22226659488678,1000.0,0.0,0.0,1.0,10.0,59
182000,208,0.13550000000000006,210.00000000000568,6.7931707592010495,1000.0,0.0,0.0,1.0,7.0,59
183000,209,0.13075000000000003,1030.0000000000089,6.604639578342438,1000.0,0.0,0.0,1.0,7.0,59
184000,211,0.126,4042.190000000007,6.484545942783356,781.0,0.5,0.0,0.5,30.5,60
185000,212,0.12124999999999997,1060.0000000000089,6.38417119884491,1000.0,0.0,0.0,1.0,10.0,60
186000,213,0.11650000000000005,1810.000000000009,6.399557736873627,1000.0,0.0,0.0,1.0,39.0,60
187000,214,0.11175000000000002,340.0000000000089,6.000623388051987,1000.0,0.0,0.0,1.0,4.0,60
188000,215,0.1070000000000001,490.0000000000086,6.122148459196091,1000.0,0.0,0.0,1.0,7.0,60
189000,216,0.10225000000000006,1070.0000000000089,6.00591297340393,1000.0,0.0,0.0,1.0,15.0,60
190000,217,0.09750000000000003,1340.0000000000089,5.959045350074768,1000.0,0.0,0.0,1.0,8.0,60
191000,218,0.09275000000000011,810.0000000000088,5.634457102775574,1000.0,0.0,0.0,1.0,7.0,60
192000,219,0.08800000000000008,930.000000000009,5.940510034561157,1000.0,0.0,0.0,1.0,14.0,60
193000,220,0.08325000000000005,430.000000000009,5.7602634301185605,1000.0,0.0,0.0,1.0,4.0,60
194000,221,0.07850000000000001,610.0000000000086,5.3968900814056395,1000.0,0.0,0.0,1.0,4.0,60
195000,222,0.0737500000000001,7040.730000000008,5.675865408420563,927.0,1.0,0.0,0.0,52.0,61
196000,223,0.06900000000000006,770.000000000009,5.536991848945617,1000.0,0.0,0.0,1.0,8.0,61
197000,224,0.06425000000000003,650.0000000000091,5.4026523218154905,1000.0,0.0,0.0,1.0,7.0,61
198000,225,0.0595,360.00000000000875,5.28325722694397,1000.0,0.0,0.0,1.0,8.0,61
199000,226,0.054750000000000076,900.0000000000091,5.07592334830761,1000.0,0.0,0.0,1.0,16.0,61
200000,227,0.050000000000000044,500.00000000000887,5.105926721096039,1000.0,0.0,0.0,1.0,3.0,61
201000,228,0.050000000000000044,7043.510000000006,5.092993785381317,649.0,1.0,0.0,0.0,52.0,62
202000,229,0.050000000000000044,960.000000000009,4.723347229003906,1000.0,0.0,0.0,1.0,8.0,62
203000,230,0.050000000000000044,450.0000000000091,5.108449614524841,1000.0,0.0,0.0,1.0,7.0,62
204000,231,0.050000000000000044,440.0000000000088,4.934502948522567,1000.0,0.0,0.0,1.0,8.0,62
205000,232,0.050000000000000044,750.0000000000091,4.898918065309524,1000.0,0.0,0.0,1.0,7.0,62
206000,233,0.050000000000000044,1020.0000000000091,4.632652219295502,1000.0,0.0,0.0,1.0,9.0,62
207000,234,0.050000000000000044,280.0000000000089,4.514698249816894,1000.0,0.0,0.0,1.0,2.0,62
208000,235,0.050000000000000044,530.000000000009,4.684317122697831,1000.0,0.0,0.0,1.0,9.0,62
209000,236,0.050000000000000044,1100.0000000000084,4.570547241687775,1000.0,0.0,0.0,1.0,17.0,62
210000,237,0.050000000000000044,830.0000000000091,4.304759273052215,1000.0,0.0,0.0,1.0,7.0,62
211000,238,0.050000000000000044,109.99999999999555,4.442835882902146,1000.0,0.0,0.0,1.0,2.0,62
212000,239,0.050000000000000044,350.00000000000887,4.4976301407814026,1000.0,0.0,0.0,1.0,6.0,62
213000,240,0.050000000000000044,670.0000000000089,4.176179029941559,1000.0,0.0,0.0,1.0,4.0,62
214000,241,0.050000000000000044,700.000000000009,4.209057472944259,1000.0,0.0,0.0,1.0,6.0,62
215000,242,0.050000000000000044,390.0000000000087,4.193016243934632,1000.0,0.0,0.0,1.0,5.0,62
216000,243,0.050000000000000044,800.0000000000089,4.201634135723114,1000.0,0.0,0.0,1.0,6.0,62
217000,244,0.050000000000000044,1050.0000000000089,3.979670354127884,1000.0,0.0,0.0,1.0,18.0,62
218000,245,0.050000000000000044,830.0000000000091,3.708596785545349,1000.0,0.0,0.0,1.0,5.0,62
219000,246,0.050000000000000044,730.0000000000091,3.917935638666153,1000.0,0.0,0.0,1.0,10.0,62
220000,247,0.050000000000000044,190.000000000009,3.711748126268387,1000.0,0.0,0.0,1.0,4.0,62
221000,248,0.050000000000000044,490.00000000000875,3.610583475589752,1000.0,0.0,0.0,1.0,3.0,62
222000,249,0.050000000000000044,1130.0000000000089,3.596710081577301,1000.0,0.0,0.0,1.0,12.0,62
223000,250,0.050000000000000044,570.000000000009,3.654433124303818,1000.0,0.0,0.0,1.0,7.0,62
224000,251,0.050000000000000044,490.00000000000796,3.520991533041,1000.0,0.0,0.0,1.0,5.0,62
225000,252,0.050000000000000044,660.0000000000091,3.277006619215012,1000.0,0.0,0.0,1.0,14.0,62
226000,253,0.050000000000000044,910.000000000009,3.417243625640869,1000.0,0.0,0.0,1.0,9.0,62
227000,254,0.050000000000000044,2010.0000000000086,3.4857939686775206,1000.0,0.0,0.0,1.0,48.0,62
228000,255,0.050000000000000044,240.00000000000873,3.3291917040348054,1000.0,0.0,0.0,1.0,5.0,62
229000,256,0.050000000000000044,1980.0000000000089,3.3194379878044127,1000.0,0.0,0.0,1.0,46.0,62
230000,257,0.050000000000000044,460.00000000000875,3.395001570701599,1000.0,0.0,0.0,1.0,7.0,62
231000,258,0.050000000000000044,200.0000000000086,3.2216453471183777,1000.0,0.0,0.0,1.0,5.0,62
232000,259,0.050000000000000044,240.000000000009,3.313719951272011,1000.0,0.0,0.0,1.0,5.0,62
233000,260,0.050000000000000044,450.0000000000089,3.0925510828495026,1000.0,0.0,0.0,1.0,6.0,62
234000,261,0.050000000000000044,320.00000000000904,3.0721437005996703,1000.0,0.0,0.0,1.0,7.0,62
235000,262,0.050000000000000044,500.0000000000087,2.9840311374664306,1000.0,0.0,0.0,1.0,7.0,62
236000,263,0.050000000000000044,700.0000000000089,2.880888305425644,1000.0,0.0,0.0,1.0,8.0,62
237000,264,0.050000000000000044,690.000000000009,2.888219780921936,1000.0,0.0,0.0,1.0,12.0,62
238000,265,0.050000000000000044,380.0000000000087,3.011727999687195,1000.0,0.0,0.0,1.0,6.0,62
239000,266,0.050000000000000044,140.0000000000087,2.9051252245903014,1000.0,0.0,0.0,1.0,4.0,62
240000,267,0.050000000000000044,1250.0000000000084,2.877257441878319,1000.0,0.0,0.0,1.0,18.0,62
241000,268,0.050000000000000044,430.0000000000085,2.683875728368759,1000.0,0.0,0.0,1.0,10.0,62
242000,269,0.050000000000000044,860.0000000000091,2.7144083819389344,1000.0,0.0,0.0,1.0,11.0,62
243000,270,0.050000000000000044,890.0000000000089,2.580012198448181,1000.0,0.0,0.0,1.0,10.0,62
244000,271,0.050000000000000044,119.99999999999747,2.4305727401971815,1000.0,0.0,0.0,1.0,2.0,62
245000,272,0.050000000000000044,1340.0000000000086,2.4415073068141937,1000.0,0.0,0.0,1.0,17.0,62
246000,273,0.050000000000000044,600.0000000000086,2.3470048325061796,1000.0,0.0,0.0,1.0,9.0,62
247000,274,0.050000000000000044,710.0000000000081,2.313742268919945,1000.0,0.0,0.0,1.0,7.0,62
248000,275,0.050000000000000044,720.0000000000091,2.174284256339073,1000.0,0.0,0.0,1.0,4.0,62
249000,276,0.050000000000000044,780.0000000000088,2.2406207587718963,1000.0,0.0,0.0,1.0,14.0,62
250000,277,0.050000000000000044,220.00000000000895,2.2418201434612275,1000.0,0.0,0.0,1.0,2.0,62
251000,278,0.050000000000000044,1050.0000000000089,2.0811658713817596,1000.0,0.0,0.0,1.0,15.0,62
252000,279,0.050000000000000044,480.0000000000089,2.034249305486679,1000.0,0.0,0.0,1.0,4.0,62
253000,280,0.050000000000000044,520.0000000000085,2.0784337785243987,1000.0,0.0,0.0,1.0,13.0,62
254000,281,0.050000000000000044,460.00000000000864,1.9871405369043351,1000.0,0.0,0.0,1.0,3.0,62
255000,282,0.050000000000000044,360.0000000000086,2.1127285758256913,1000.0,0.0,0.0,1.0,3.0,62
256000,283,0.050000000000000044,540.0000000000088,2.077251938462257,1000.0,0.0,0.0,1.0,10.0,62
257000,284,0.050000000000000044,490.00000000000847,2.0375676782131196,1000.0,0.0,0.0,1.0,3.0,62
258000,285,0.050000000000000044,570.0000000000088,1.9737498898506165,1000.0,0.0,0.0,1.0,3.0,62
259000,286,0.050000000000000044,1300.0000000000084,2.1261162168979646,1000.0,0.0,0.0,1.0,16.0,62
260000,287,0.050000000000000044,530.0000000000088,2.0460242458581925,1000.0,0.0,0.0,1.0,15.0,62
261000,289,0.050000000000000044,459.76500000000425,2.0023117368221284,524.0,0.0,0.5,0.5,9.0,62
262000,290,0.050000000000000044,410.0000000000074,2.017718244433403,1000.0,0.0,0.0,1.0,3.0,62
263000,291,0.050000000000000044,550.0000000000088,1.9451283766031264,1000.0,0.0,0.0,1.0,12.0,62
264000,292,0.050000000000000044,680.0000000000075,2.003291137218475,1000.0,0.0,0.0,1.0,12.0,62
265000,293,0.050000000000000044,1210.0000000000082,1.9745608096122742,1000.0,0.0,0.0,1.0,21.0,62
266000,294,0.050000000000000044,950.0000000000086,1.8346652266979218,1000.0,0.0,0.0,1.0,15.0,62
267000,295,0.050000000000000044,160.00000000000665,1.8928652381896973,1000.0,0.0,0.0,1.0,2.0,62
268000,296,0.050000000000000044,720.0000000000086,1.8451984678506852,1000.0,0.0,0.0,1.0,4.0,62
269000,297,0.050000000000000044,270.0000000000086,1.763927066206932,1000.0,0.0,0.0,1.0,7.0,62
270000,298,0.050000000000000044,610.0000000000088,1.7356558357477188,1000.0,0.0,0.0,1.0,7.0,62
271000,299,0.050000000000000044,620.0000000000089,1.642633693099022,1000.0,0.0,0.0,1.0,9.0,62
272000,300,0.050000000000000044,720.0000000000089,1.6280684005618096,1000.0,0.0,0.0,1.0,9.0,62
273000,301,0.050000000000000044,1980.0000000000089,1.6748928680419921,1000.0,0.0,0.0,1.0,46.0,62
274000,302,0.050000000000000044,610.000000000009,1.663062836408615,1000.0,0.0,0.0,1.0,10.0,62
275000,303,0.050000000000000044,300.0000000000087,1.608347674548626,1000.0,0.0,0.0,1.0,2.0,62
276000,304,0.050000000000000044,990.0000000000086,1.4690817867517472,1000.0,0.0,0.0,1.0,14.0,62
277000,305,0.050000000000000044,880.000000000009,1.3957303842306137,1000.0,0.0,0.0,1.0,8.0,62
278000,306,0.050000000000000044,790.000000000009,1.3887366598844528,1000.0,0.0,0.0,1.0,8.0,62
279000,307,0.050000000000000044,1180.000000000009,1.279737849712372,1000.0,0.0,0.0,1.0,13.0,62
280000,308,0.050000000000000044,270.0000000000088,1.3212220823168754,1000.0,0.0,0.0,1.0,7.0,62
281000,309,0.050000000000000044,1250.0000000000089,1.345286983847618,1000.0,0.0,0.0,1.0,7.0,62
282000,310,0.050000000000000044,910.0000000000088,1.3719870608448983,1000.0,0.0,0.0,1.0,9.0,62
283000,311,0.050000000000000044,450.0000000000091,1.3992604780197144,1000.0,0.0,0.0,1.0,3.0,62
284000,312,0.050000000000000044,1160.000000000007,1.3968227829933166,1000.0,0.0,0.0,1.0,9.0,62
285000,313,0.050000000000000044,7041.2200000000075,1.412672410607338,878.0,1.0,0.0,0.0,52.0,63
286000,314,0.050000000000000044,1840.0000000000089,1.3990427935123444,1000.0,0.0,0.0,1.0,42.0,63
287000,315,0.050000000000000044,1700.0000000000086,1.343536720395088,1000.0,0.0,0.0,1.0,20.0,63
288000,316,0.050000000000000044,750.0000000000089,1.334961158156395,1000.0,0.0,0.0,1.0,11.0,63
289000,317,0.050000000000000044,350.00000000000875,1.2435675375163555,1000.0,0.0,0.0,1.0,8.0,63
290000,318,0.050000000000000044,140.00000000000796,1.2467765478491784,1000.0,0.0,0.0,1.0,3.0,63
291000,319,0.050000000000000044,1300.0000000000084,1.2799148522019386,1000.0,0.0,0.0,1.0,8.0,63
292000,320,0.050000000000000044,440.000000000009,1.2382144054174424,1000.0,0.0,0.0,1.0,6.0,63
293000,321,0.050000000000000044,950.0000000000089,1.2921218402981758,1000.0,0.0,0.0,1.0,11.0,63
294000,322,0.050000000000000044,1640.0000000000086,1.3362728788852691,1000.0,0.0,0.0,1.0,30.0,63
295000,323,0.050000000000000044,980.000000000009,1.2971346664428711,1000.0,0.0,0.0,1.0,14.0,63
296000,324,0.050000000000000044,500.000000000009,1.2829333707094193,1000.0,0.0,0.0,1.0,7.0,63
297000,325,0.050000000000000044,320.00000000000864,1.2644627247452735,1000.0,0.0,0.0,1.0,5.0,63
298000,326,0.050000000000000044,710.0000000000089,1.256179637014866,1000.0,0.0,0.0,1.0,13.0,63
299000,327,0.050000000000000044,600.0000000000091,1.2611420493125916,1000.0,0.0,0.0,1.0,5.0,63
300000,328,0.050000000000000044,730.0000000000088,1.2469916608333587,1000.0,0.0,0.0,1.0,5.0,63
301000,329,0.050000000000000044,990.0000000000091,1.3099133536219596,1000.0,0.0,0.0,1.0,9.0,63
302000,330,0.050000000000000044,420.00000000000904,1.3351950861215591,1000.0,0.0,0.0,1.0,4.0,63
303000,331,0.050000000000000044,69.99999999999496,1.3243834266066552,1000.0,0.0,0.0,1.0,3.0,63
304000,332,0.050000000000000044,1010.0000000000089,1.2615588623583316,1000.0,0.0,0.0,1.0,10.0,63
305000,333,0.050000000000000044,990.0000000000088,1.3634246444106102,1000.0,0.0,0.0,1.0,5.0,63
306000,334,0.050000000000000044,119.99999999999744,1.373205403804779,1000.0,0.0,0.0,1.0,2.0,63
307000,335,0.050000000000000044,1470.0000000000089,1.4350529091358184,1000.0,0.0,0.0,1.0,19.0,63
308000,336,0.050000000000000044,700.000000000008,1.4221308814287186,1000.0,0.0,0.0,1.0,6.0,63
309000,337,0.050000000000000044,290.00000000000904,1.4257033009529114,1000.0,0.0,0.0,1.0,12.0,63
310000,338,0.050000000000000044,410.00000000000887,1.3548104882836343,1000.0,0.0,0.0,1.0,10.0,63
311000,339,0.050000000000000044,750.000000000009,1.391286696523428,1000.0,0.0,0.0,1.0,8.0,63
312000,340,0.050000000000000044,1490.0000000000089,1.5198406785726548,1000.0,0.0,0.0,1.0,18.0,63
313000,341,0.050000000000000044,200.0000000000091,1.4733307540416718,1000.0,0.0,0.0,1.0,3.0,63
314000,342,0.050000000000000044,1140.0000000000086,1.5470408808588982,1000.0,0.0,0.0,1.0,7.0,63
315000,343,0.050000000000000044,780.0000000000083,1.5784901235103608,1000.0,0.0,0.0,1.0,7.0,63
316000,344,0.050000000000000044,730.0000000000089,1.5760832203626634,1000.0,0.0,0.0,1.0,14.0,63
317000,345,0.050000000000000044,1040.0000000000084,1.755323501586914,1000.0,0.0,0.0,1.0,7.0,63
318000,346,0.050000000000000044,380.00000000000887,1.6329284735321998,1000.0,0.0,0.0,1.0,3.0,63
319000,347,0.050000000000000044,1160.0000000000082,1.8212890688180923,1000.0,0.0,0.0,1.0,10.0,63
320000,348,0.050000000000000044,1120.0000000000089,1.8904394181966782,1000.0,0.0,0.0,1.0,11.0,63
321000,349,0.050000000000000044,350.0000000000081,1.8407700682282448,1000.0,0.0,0.0,1.0,2.0,63
322000,350,0.050000000000000044,680.0000000000091,1.857392078578472,1000.0,0.0,0.0,1.0,8.0,63
323000,351,0.050000000000000044,840.0000000000084,1.9305840836167336,1000.0,0.0,0.0,1.0,12.0,63
324000,352,0.050000000000000044,610.0000000000048,1.800002972960472,1000.0,0.0,0.0,1.0,10.0,63
325000,353,0.050000000000000044,390.00000000000387,1.9440427091121673,1000.0,0.0,0.0,1.0,2.0,63
326000,354,0.050000000000000044,350.00000000000693,1.9521369488239289,1000.0,0.0,0.0,1.0,6.0,63
327000,355,0.050000000000000044,1150.0000000000084,1.8943112425655126,1000.0,0.0,0.0,1.0,6.0,63
328000,356,0.050000000000000044,750.0000000000089,2.047710528969765,1000.0,0.0,0.0,1.0,4.0,63
329000,357,0.050000000000000044,1120.0000000000084,2.0051081714630126,1000.0,0.0,0.0,1.0,13.0,63
330000,358,0.050000000000000044,270.0000000000089,2.2019469949007036,1000.0,0.0,0.0,1.0,3.0,63
331000,359,0.050000000000000044,650.0000000000073,2.0121712477207185,1000.0,0.0,0.0,1.0,6.0,63
332000,360,0.050000000000000044,249.9999999999962,2.2727426438331606,1000.0,0.0,0.0,1.0,2.0,63
333000,361,0.050000000000000044,460.00000000000887,2.291230922460556,1000.0,0.0,0.0,1.0,3.0,63
334000,362,0.050000000000000044,490.0000000000088,2.3691152659654615,1000.0,0.0,0.0,1.0,3.0,63
335000,363,0.050000000000000044,69.99999999999501,2.387637472867966,1000.0,0.0,0.0,1.0,1.0,63
336000,364,0.050000000000000044,940.000000000009,2.456777125000954,1000.0,0.0,0.0,1.0,12.0,63
337000,365,0.050000000000000044,1370.0000000000048,2.6721904126405716,1000.0,0.0,0.0,1.0,20.0,63
338000,366,0.050000000000000044,700.0000000000084,2.777599607467651,1000.0,0.0,0.0,1.0,10.0,63
339000,367,0.050000000000000044,170.00000000000745,2.9321950936317442,1000.0,0.0,0.0,1.0,3.0,63
340000,368,0.050000000000000044,580.0000000000086,2.940088449716568,1000.0,0.0,0.0,1.0,6.0,63
341000,369,0.050000000000000044,780.0000000000089,2.979283604264259,1000.0,0.0,0.0,1.0,7.0,63
342000,370,0.050000000000000044,380.0000000000091,2.97363396191597,1000.0,0.0,0.0,1.0,3.0,63
343000,371,0.050000000000000044,800.0000000000091,2.963756448984146,1000.0,0.0,0.0,1.0,5.0,63
344000,372,0.050000000000000044,570.000000000009,2.8435020188093185,1000.0,0.0,0.0,1.0,7.0,63
345000,373,0.050000000000000044,540.0000000000091,2.947645129919052,1000.0,0.0,0.0,1.0,3.0,63
346000,374,0.050000000000000044,960.000000000009,2.848824088335037,1000.0,0.0,0.0,1.0,10.0,63
347000,375,0.050000000000000044,460.0000000000091,2.856387760400772,1000.0,0.0,0.0,1.0,3.0,63
348000,376,0.050000000000000044,800.000000000009,3.007382972717285,1000.0,0.0,0.0,1.0,5.0,63
349000,377,0.050000000000000044,1350.0000000000089,2.8794681948423384,1000.0,0.0,0.0,1.0,21.0,63
350000,378,0.050000000000000044,1390.000000000009,3.088956199884415,1000.0,0.0,0.0,1.0,17.0,63
351000,379,0.050000000000000044,1400.0000000000089,2.993904812216759,1000.0,0.0,0.0,1.0,19.0,63
352000,380,0.050000000000000044,700.0000000000085,3.0360947008132935,1000.0,0.0,0.0,1.0,2.0,63
353000,381,0.050000000000000044,570.000000000009,3.0761223602294923,1000.0,0.0,0.0,1.0,3.0,63
354000,382,0.050000000000000044,1430.0000000000089,3.0761213941574095,1000.0,0.0,0.0,1.0,25.0,63
355000,383,0.050000000000000044,780.0000000000083,3.2523362576961516,1000.0,0.0,0.0,1.0,10.0,63
356000,384,0.050000000000000044,560.0000000000091,3.141627012252808,1000.0,0.0,0.0,1.0,8.0,63
357000,385,0.050000000000000044,680.000000000009,3.0778833231925966,1000.0,0.0,0.0,1.0,6.0,63
358000,386,0.050000000000000044,530.0000000000089,2.787753336787224,1000.0,0.0,0.0,1.0,4.0,63
359000,387,0.050000000000000044,290.000000000009,2.883874638080597,1000.0,0.0,0.0,1.0,1.0,63
360000,388,0.050000000000000044,1140.000000000009,2.7435589063167574,1000.0,0.0,0.0,1.0,10.0,63
361000,389,0.050000000000000044,1040.000000000009,2.956108058989048,1000.0,0.0,0.0,1.0,8.0,63
362000,390,0.050000000000000044,460.0000000000088,2.8173557902574538,1000.0,0.0,0.0,1.0,12.0,63
363000,391,0.050000000000000044,550.0000000000091,2.769975835442543,1000.0,0.0,0.0,1.0,7.0,63
364000,392,0.050000000000000044,600.0000000000089,2.7658770565986632,1000.0,0.0,0.0,1.0,3.0,63
365000,393,0.050000000000000044,170.0000000000087,2.8038014799952506,1000.0,0.0,0.0,1.0,1.0,63
366000,394,0.050000000000000044,480.00000000000864,2.7528083221912385,1000.0,0.0,0.0,1.0,9.0,63
367000,395,0.050000000000000044,650.0000000000088,2.538810064315796,1000.0,0.0,0.0,1.0,9.0,63
368000,396,0.050000000000000044,1730.0000000000089,2.5878169815540315,1000.0,0.0,0.0,1.0,31.0,63
369000,397,0.050000000000000044,610.0000000000089,2.9932457156181336,1000.0,0.0,0.0,1.0,4.0,63
370000,398,0.050000000000000044,50.00000000000185,2.7164863967895507,1000.0,0.0,0.0,1.0,0.0,63
371000,399,0.050000000000000044,1330.0000000000073,2.7330874000787735,1000.0,0.0,0.0,1.0,16.0,63
372000,400,0.050000000000000044,180.0000000000045,2.812967372059822,1000.0,0.0,0.0,1.0,4.0,63
373000,401,0.050000000000000044,100.00000000000074,2.6408576942682265,1000.0,0.0,0.0,1.0,1.0,63
374000,402,0.050000000000000044,600.0000000000088,2.535486669704318,1000.0,0.0,0.0,1.0,7.0,63
375000,403,0.050000000000000044,760.000000000009,2.573699580311775,1000.0,0.0,0.0,1.0,12.0,63
376000,404,0.050000000000000044,790.000000000009,2.502267791092396,1000.0,0.0,0.0,1.0,6.0,63
377000,405,0.050000000000000044,240.00000000000475,2.4873584237098694,1000.0,0.0,0.0,1.0,6.0,63
378000,406,0.050000000000000044,330.000000000009,2.41345931828022,1000.0,0.0,0.0,1.0,9.0,63
379000,407,0.050000000000000044,700.000000000009,2.505661769628525,1000.0,0.0,0.0,1.0,8.0,63
380000,408,0.050000000000000044,1530.0000000000089,2.4463947955071927,1000.0,0.0,0.0,1.0,29.0,63
381000,409,0.050000000000000044,1620.0000000000089,2.486645151257515,1000.0,0.0,0.0,1.0,20.0,63
382000,410,0.050000000000000044,470.0000000000088,2.643536615729332,1000.0,0.0,0.0,1.0,3.0,63
383000,411,0.050000000000000044,1000.0000000000089,2.576540365099907,1000.0,0.0,0.0,1.0,12.0,63
384000,412,0.050000000000000044,470.00000000000887,2.412182660460472,1000.0,0.0,0.0,1.0,3.0,63
385000,413,0.050000000000000044,1220.0000000000084,2.4773904454708098,1000.0,0.0,0.0,1.0,13.0,63
386000,414,0.050000000000000044,1690.0000000000089,2.4886508308053017,1000.0,0.0,0.0,1.0,33.0,63
387000,415,0.050000000000000044,870.000000000009,2.2555932273864747,1000.0,0.0,0.0,1.0,6.0,63
388000,416,0.050000000000000044,710.000000000009,2.129276225566864,1000.0,0.0,0.0,1.0,3.0,63
389000,417,0.050000000000000044,540.0000000000089,2.2283591887950895,1000.0,0.0,0.0,1.0,10.0,63
390000,418,0.050000000000000044,950.0000000000088,2.0290993473529815,1000.0,0.0,0.0,1.0,8.0,63
391000,419,0.050000000000000044,1550.0000000000086,2.27059809333086,1000.0,0.0,0.0,1.0,34.0,63
392000,420,0.050000000000000044,220.00000000000907,2.1271292334795,1000.0,0.0,0.0,1.0,2.0,63
393000,421,0.050000000000000044,890.0000000000083,2.255105600118637,1000.0,0.0,0.0,1.0,14.0,63
394000,422,0.050000000000000044,500.000000000006,2.141616652905941,1000.0,0.0,0.0,1.0,7.0,63
395000,423,0.050000000000000044,1010.000000000009,2.1345117268562315,1000.0,0.0,0.0,1.0,9.0,63
396000,424,0.050000000000000044,610.0000000000059,2.226685101747513,1000.0,0.0,0.0,1.0,14.0,63
397000,425,0.050000000000000044,780.0000000000088,2.1154869482517245,1000.0,0.0,0.0,1.0,8.0,63
398000,426,0.050000000000000044,670.000000000009,1.9842399032711984,1000.0,0.0,0.0,1.0,3.0,63
399000,427,0.050000000000000044,1040.0000000000089,2.1146206734776496,1000.0,0.0,0.0,1.0,10.0,63
400000,428,0.050000000000000044,710.000000000009,2.15919507920742,1000.0,0.0,0.0,1.0,7.0,63
